java_file,acoco,CAMC,CAMC-cvc,cc,coco,fout,hsd,hse,hsv,LCOM5,LCOM5-cvc,loc,midx,MMAC,MMAC-cvc,mncoco,mxcoco,NHD,NHD-cvc,nobl,nocl,SCOM,SCOM-cvc
/gateway/gateway-admin/src/main/java/com/springboot/cloud/gateway/admin/GatewayAdminApplication_main_0.java,-,-,-,1,-,0,6.417,603.241,94.012,-,-,3,100,-,-,-,-,-,-,0,0,-,-
/gateway/gateway-admin/src/main/java/com/springboot/cloud/gateway/admin/config/WebServerMvcConfigurerAdapter_addInterceptors_1.java,-,-,-,1,-,0,5,340.571,68.114,-,-,3,100,-,-,-,-,-,-,0,0,-,-
/gateway/gateway-admin/src/main/java/com/springboot/cloud/gateway/admin/config/WebServerMvcConfigurerAdapter_userInterceptor_0.java,-,-,-,1,-,0,3.5,144.232,41.209,-,-,3,100,-,-,-,-,-,-,0,0,-,-
/gateway/gateway-admin/src/main/java/com/springboot/cloud/gateway/admin/config/BusConfig_messageConverter_3.java,-,-,-,1,-,0,6.364,1090.093,171.3,-,-,5,100,-,-,-,-,-,-,0,0,-,-
/gateway/gateway-admin/src/main/java/com/springboot/cloud/gateway/admin/config/MybatisConfig_paginationInterceptor_0.java,-,-,-,1,-,0,7,273,39,-,-,3,100,-,-,-,-,-,-,0,0,-,-
/gateway/gateway-admin/src/main/java/com/springboot/cloud/gateway/admin/config/BusConfig_binding_2.java,-,-,-,1,-,0,6.429,1337.682,208.084,-,-,4,100,-,-,-,-,-,-,0,0,-,-
/gateway/gateway-admin/src/main/java/com/springboot/cloud/gateway/admin/config/BusConfig_queue_0.java,-,-,-,1,-,0,6.75,685.659,101.579,-,-,4,100,-,-,-,-,-,-,0,0,-,-
/gateway/gateway-admin/src/main/java/com/springboot/cloud/gateway/admin/config/SwaggerConfig_createRestApi_0.java,-,-,-,1,-,0,4.857,1126.325,231.89,-,-,8,100,-,-,-,-,-,-,0,0,-,-
/gateway/gateway-admin/src/main/java/com/springboot/cloud/gateway/admin/config/SwaggerConfig_apiInfo_1.java,-,-,-,1,-,0,6.333,1231.75,194.487,-,-,8,100,-,-,-,-,-,-,0,0,-,-
/gateway/gateway-admin/src/main/java/com/springboot/cloud/gateway/admin/config/BusConfig_exchange_1.java,-,-,-,1,-,0,6.75,659.288,97.672,-,-,4,100,-,-,-,-,-,-,0,0,-,-
/gateway/gateway-admin/src/main/java/com/springboot/cloud/gateway/admin/service/impl/GatewayRouteService_query_5.java,-,-,-,1,-,0,9.1,3580.511,393.463,-,-,5,100,-,-,-,-,-,-,0,0,-,-
/gateway/gateway-admin/src/main/java/com/springboot/cloud/gateway/admin/service/impl/GatewayRouteService_get_4.java,-,-,-,1,-,0,5,304.722,60.944,-,-,3,100,-,-,-,-,-,-,0,0,-,-
/gateway/gateway-admin/src/main/java/com/springboot/cloud/gateway/admin/service/impl/GatewayRouteService_delete_1.java,-,-,-,1,-,0,6.429,1473.738,229.248,-,-,6,100,-,-,-,-,-,-,0,1,-,-
/gateway/gateway-admin/src/main/java/com/springboot/cloud/gateway/admin/service/impl/GatewayRouteService_overload_6.java,-,-,-,1,-,0,8.233,2295.672,278.827,-,-,8,100,-,-,-,-,-,-,0,0,-,-
/gateway/gateway-admin/src/main/java/com/springboot/cloud/gateway/admin/service/impl/GatewayRouteService_update_2.java,-,-,-,1,-,0,7.143,1702.986,238.418,-,-,7,100,-,-,-,-,-,-,0,1,-,-
/gateway/gateway-admin/src/main/java/com/springboot/cloud/gateway/admin/service/impl/GatewayRouteService_gatewayRouteToRouteDefinition_3.java,-,-,-,2,-,0,10.345,7759.213,750.057,-,-,16,100,-,-,-,-,-,-,0,0,-,-
/gateway/gateway-admin/src/main/java/com/springboot/cloud/gateway/admin/service/impl/GatewayRouteService_add_0.java,-,-,-,1,-,0,7.143,1702.986,238.418,-,-,7,100,-,-,-,-,-,-,0,1,-,-
/gateway/gateway-admin/src/main/java/com/springboot/cloud/gateway/admin/rest/GatewayRouteController_overload_16.java,-,-,-,1,-,0,5,358.496,71.699,-,-,3,100,-,-,-,-,-,-,0,0,-,-
/gateway/gateway-admin/src/main/java/com/springboot/cloud/gateway/admin/entity/ov/GatewayRouteVo_GatewayRouteVo_0.java,-,-,-,2,-,0,9.077,9164.894,1009.692,-,-,21,100,-,-,-,-,-,-,0,0,-,-
/gateway/gateway-admin/src/main/java/com/springboot/cloud/gateway/admin/entity/form/GatewayRouteForm_toPo_0.java,-,-,-,2,-,0,10.105,4355.521,431.015,-,-,12,100,-,-,-,-,-,-,0,0,-,-
/gateway/gateway-admin/src/main/java/com/springboot/cloud/gateway/admin/events/EventSender_init_0.java,-,-,-,1,-,0,4,207.566,51.891,-,-,3,100,-,-,-,-,-,-,0,0,-,-
/gateway/gateway-admin/src/main/java/com/springboot/cloud/gateway/admin/events/EventSender_send_1.java,-,-,-,1,-,0,6.375,1092.04,171.3,-,-,4,100,-,-,-,-,-,-,0,0,-,-
/gateway/gateway-web/src/main/java/com/springboot/cloud/gateway/config/RequestRateLimiterConfig_userKeyResolver_2.java,-,-,-,1,-,0,6.111,882.625,144.43,-,-,3,100,-,-,-,-,-,-,0,0,-,-
/gateway/gateway-web/src/main/java/com/springboot/cloud/gateway/config/SwaggerProvider_swaggerResource_1.java,-,-,-,1,-,0,10,1988.087,198.809,-,-,7,100,-,-,-,-,-,-,0,0,-,-
/gateway/gateway-web/src/main/java/com/springboot/cloud/gateway/config/BusConfig_messageConverter_5.java,-,-,-,1,-,0,6.364,1090.093,171.3,-,-,5,100,-,-,-,-,-,-,0,0,-,-
/gateway/gateway-web/src/main/java/com/springboot/cloud/gateway/config/BusConfig_binding_2.java,-,-,-,1,-,0,6.429,1337.682,208.084,-,-,4,100,-,-,-,-,-,-,0,0,-,-
/gateway/gateway-web/src/main/java/com/springboot/cloud/gateway/config/SwaggerHandler_uiConfiguration_2.java,-,-,-,1,-,0,6.346,1425.747,224.663,-,-,4,100,-,-,-,-,-,-,0,0,-,-
/gateway/gateway-web/src/main/java/com/springboot/cloud/gateway/config/RequestRateLimiterConfig_remoteAddressKeyResolver_0.java,-,-,-,1,-,0,5.714,724.065,126.711,-,-,3,100,-,-,-,-,-,-,0,0,-,-
/gateway/gateway-web/src/main/java/com/springboot/cloud/gateway/config/SwaggerProvider_get_0.java,-,-,-,1,-,0,12.133,9546.608,786.808,-,-,11,100,-,-,-,-,-,-,0,0,-,-
/gateway/gateway-web/src/main/java/com/springboot/cloud/gateway/config/SwaggerHandler_swaggerResources_3.java,-,-,-,1,-,0,7.071,1002.569,141.777,-,-,3,100,-,-,-,-,-,-,0,0,-,-
/gateway/gateway-web/src/main/java/com/springboot/cloud/gateway/config/BusConfig_simpleMessageListenerContainer_3.java,-,-,-,1,-,0,8.667,2414.805,278.631,-,-,7,100,-,-,-,-,-,-,0,0,-,-
/gateway/gateway-web/src/main/java/com/springboot/cloud/gateway/config/SwaggerHandler_SwaggerHandler_0.java,-,-,-,1,-,0,9,467.023,51.891,-,-,3,100,-,-,-,-,-,-,0,0,-,-
/gateway/gateway-web/src/main/java/com/springboot/cloud/gateway/config/DefaultRedisRateLimiter_isAllowed_3.java,-,-,-,2,-,0,9.6,2183.338,227.431,-,-,5,100,-,-,-,-,-,-,0,0,-,-
/gateway/gateway-web/src/main/java/com/springboot/cloud/gateway/config/SwaggerHandler_securityConfiguration_1.java,-,-,-,1,-,0,6.346,1425.747,224.663,-,-,4,100,-,-,-,-,-,-,0,0,-,-
/gateway/gateway-web/src/main/java/com/springboot/cloud/gateway/config/DefaultRedisRateLimiter_getDefaultConfig_0.java,-,-,-,1,-,0,4.8,373.004,77.709,-,-,3,100,-,-,-,-,-,-,0,0,-,-
/gateway/gateway-web/src/main/java/com/springboot/cloud/gateway/config/BusConfig_queue_0.java,-,-,-,1,-,0,8.5,1592.017,187.296,-,-,5,100,-,-,-,-,-,-,0,0,-,-
/gateway/gateway-web/src/main/java/com/springboot/cloud/gateway/config/RequestRateLimiterConfig_apiKeyResolver_1.java,-,-,-,1,-,0,5.714,724.065,126.711,-,-,3,100,-,-,-,-,-,-,0,0,-,-
/gateway/gateway-web/src/main/java/com/springboot/cloud/gateway/config/BusConfig_messageListenerAdapter_4.java,-,-,-,1,-,0,6.5,813.135,125.098,-,-,4,100,-,-,-,-,-,-,0,0,-,-
/gateway/gateway-web/src/main/java/com/springboot/cloud/gateway/config/BusConfig_exchange_1.java,-,-,-,1,-,0,6.75,659.288,97.672,-,-,4,100,-,-,-,-,-,-,0,0,-,-
/gateway/gateway-web/src/main/java/com/springboot/cloud/gateway/service/impl/RouteService_save_2.java,-,-,-,1,-,0,6.75,1175.614,174.165,-,-,5,100,-,-,-,-,-,-,0,0,-,-
/gateway/gateway-web/src/main/java/com/springboot/cloud/gateway/service/impl/RouteService_loadRouteDefinition_0.java,-,-,-,3,-,0,12.289,14241.356,1158.881,-,-,22,100,-,-,-,-,-,-,0,2,-,-
/gateway/gateway-web/src/main/java/com/springboot/cloud/gateway/service/impl/RouteService_delete_3.java,-,-,-,1,-,0,6.5,948.658,145.947,-,-,5,100,-,-,-,-,-,-,0,0,-,-
/gateway/gateway-web/src/main/java/com/springboot/cloud/gateway/service/impl/RouteService_getRouteDefinitions_1.java,-,-,-,1,-,0,5,342.662,68.532,-,-,3,100,-,-,-,-,-,-,0,0,-,-
/gateway/gateway-web/src/main/java/com/springboot/cloud/gateway/exception/GateWayExceptionHandlerAdvice_handle_8.java,-,-,-,6,-,0,15.545,6853.006,440.837,-,-,15,100,-,-,-,-,-,-,0,0,-,-
/gateway/gateway-web/src/main/java/com/springboot/cloud/gateway/exception/GateWayExceptionHandlerAdvice_handle_6.java,-,-,-,1,-,0,6,800.626,133.438,-,-,4,100,-,-,-,-,-,-,0,0,-,-
/gateway/gateway-web/src/main/java/com/springboot/cloud/gateway/exception/GateWayExceptionHandlerAdvice_handle_2.java,-,-,-,1,-,0,5.727,866.35,151.267,-,-,4,100,-,-,-,-,-,-,0,0,-,-
/gateway/gateway-web/src/main/java/com/springboot/cloud/gateway/exception/GateWayExceptionHandlerAdvice_handle_0.java,-,-,-,1,-,0,5.727,866.35,151.267,-,-,4,100,-,-,-,-,-,-,0,0,-,-
/gateway/gateway-web/src/main/java/com/springboot/cloud/gateway/exception/GateWayExceptionHandlerAdvice_handle_1.java,-,-,-,1,-,0,5.727,866.35,151.267,-,-,4,100,-,-,-,-,-,-,0,0,-,-
/gateway/gateway-web/src/main/java/com/springboot/cloud/gateway/exception/GateWayExceptionHandlerAdvice_handle_3.java,-,-,-,1,-,0,5.727,866.35,151.267,-,-,4,100,-,-,-,-,-,-,0,0,-,-
/gateway/gateway-web/src/main/java/com/springboot/cloud/gateway/exception/GateWayExceptionHandlerAdvice_handle_4.java,-,-,-,1,-,0,5.727,866.35,151.267,-,-,4,100,-,-,-,-,-,-,0,0,-,-
/gateway/gateway-web/src/main/java/com/springboot/cloud/gateway/exception/ExceptionAutoConfiguration_errorWebExceptionHandler_1.java,-,-,-,1,-,0,6.765,2122.917,313.823,-,-,9,100,-,-,-,-,-,-,0,0,-,-
/gateway/gateway-web/src/main/java/com/springboot/cloud/gateway/exception/GateWayExceptionHandlerAdvice_handle_5.java,-,-,-,1,-,0,5.727,866.35,151.267,-,-,4,100,-,-,-,-,-,-,0,0,-,-
/gateway/gateway-web/src/main/java/com/springboot/cloud/gateway/exception/GateWayExceptionHandlerAdvice_handle_7.java,-,-,-,1,-,0,6,800.626,133.438,-,-,4,100,-,-,-,-,-,-,0,0,-,-
/gateway/gateway-web/src/main/java/com/springboot/cloud/gateway/events/BusReceiver_handleMessage_0.java,-,-,-,1,-,0,6.188,708.153,114.449,-,-,4,100,-,-,-,-,-,-,0,1,-,-
/gateway/gateway-web/src/main/java/com/springboot/cloud/gateway/routes/RedisRouteDefinitionRepository_delete_2.java,-,-,-,1,-,0,7.944,1407.748,177.199,-,-,6,100,-,-,-,-,-,-,0,0,-,-
/gateway/gateway-web/src/main/java/com/springboot/cloud/gateway/routes/RedisRouteDefinitionRepository_getRouteDefinitions_0.java,-,-,-,1,-,0,6,539.151,89.858,-,-,3,100,-,-,-,-,-,-,0,0,-,-
/gateway/gateway-web/src/main/java/com/springboot/cloud/gateway/routes/RedisRouteDefinitionRepository_save_1.java,-,-,-,1,-,0,7.944,1407.748,177.199,-,-,6,100,-,-,-,-,-,-,0,0,-,-
/gateway/gateway-web/src/main/java/com/springboot/cloud/gateway/GatewayApplication_main_0.java,-,-,-,1,-,0,6.417,603.241,94.012,-,-,3,100,-,-,-,-,-,-,0,0,-,-
/gateway/gateway-web/src/main/java/com/springboot/cloud/gateway/filter/SwaggerHeaderFilter_filter_0.java,-,-,-,2,-,0,11.375,8495.897,746.892,-,-,12,100,-,-,-,-,-,-,0,0,-,-
/gateway/gateway-web/src/main/java/com/springboot/cloud/gateway/filter/AccessGatewayFilter_filter_0.java,-,-,-,3,-,0,11.077,11121.444,1004.019,-,-,17,100,-,-,-,-,-,-,1,4,-,-
/gateway/gateway-web/src/main/java/com/springboot/cloud/gateway/filter/SwaggerHeaderFilter_getOrder_1.java,-,-,-,1,-,0,4,139.477,34.869,-,-,3,100,-,-,-,-,-,-,0,0,-,-
/gateway/gateway-web/src/main/java/com/springboot/cloud/gateway/filter/AccessGatewayFilter_getUserToken_1.java,-,-,-,2,-,0,8.125,2482.42,305.529,-,-,10,100,-,-,-,-,-,-,0,0,-,-
/gateway/gateway-web/src/main/java/com/springboot/cloud/gateway/filter/AccessGatewayFilter_unauthorized_2.java,-,-,-,1,-,0,8.088,2760.694,341.322,-,-,6,100,-,-,-,-,-,-,0,0,-,-
/sysadmin/organization/src/main/java/com/springboot/cloud/sysadmin/organization/config/WebServerMvcConfigurerAdapter_addInterceptors_1.java,-,-,-,1,-,0,5,340.571,68.114,-,-,3,100,-,-,-,-,-,-,0,0,-,-
/sysadmin/organization/src/main/java/com/springboot/cloud/sysadmin/organization/config/WebServerMvcConfigurerAdapter_userInterceptor_0.java,-,-,-,1,-,0,3.5,144.232,41.209,-,-,3,100,-,-,-,-,-,-,0,0,-,-
/sysadmin/organization/src/main/java/com/springboot/cloud/sysadmin/organization/config/BusConfig_messageConverter_3.java,-,-,-,1,-,0,6.364,1090.093,171.3,-,-,5,100,-,-,-,-,-,-,0,0,-,-
/sysadmin/organization/src/main/java/com/springboot/cloud/sysadmin/organization/config/BusConfig_binding_2.java,-,-,-,1,-,0,6.429,1337.682,208.084,-,-,4,100,-,-,-,-,-,-,0,0,-,-
/sysadmin/organization/src/main/java/com/springboot/cloud/sysadmin/organization/config/MybatisConfig_paginationInterceptor_1.java,-,-,-,1,-,0,7,273,39,-,-,3,100,-,-,-,-,-,-,0,0,-,-
/sysadmin/organization/src/main/java/com/springboot/cloud/sysadmin/organization/config/MybatisConfig_sqlInjector_0.java,-,-,-,1,-,0,3.5,144.232,41.209,-,-,3,100,-,-,-,-,-,-,0,0,-,-
/sysadmin/organization/src/main/java/com/springboot/cloud/sysadmin/organization/config/BusConfig_queue_0.java,-,-,-,1,-,0,6.75,685.659,101.579,-,-,4,100,-,-,-,-,-,-,0,0,-,-
/sysadmin/organization/src/main/java/com/springboot/cloud/sysadmin/organization/config/BusConfig_exchange_1.java,-,-,-,1,-,0,6.75,659.288,97.672,-,-,4,100,-,-,-,-,-,-,0,0,-,-
/sysadmin/organization/src/main/java/com/springboot/cloud/sysadmin/organization/service/impl/GroupService_delete_1.java,-,-,-,1,-,0,5.333,295.205,55.351,-,-,3,100,-,-,-,-,-,-,0,0,-,-
/sysadmin/organization/src/main/java/com/springboot/cloud/sysadmin/organization/service/impl/MenuService_queryByParentId_5.java,-,-,-,1,-,0,7.333,1077.601,146.946,-,-,3,100,-,-,-,-,-,-,0,0,-,-
/sysadmin/organization/src/main/java/com/springboot/cloud/sysadmin/organization/service/impl/RoleService_getAll_4.java,-,-,-,1,-,0,5,314.537,62.907,-,-,3,100,-,-,-,-,-,-,0,0,-,-
/sysadmin/organization/src/main/java/com/springboot/cloud/sysadmin/organization/service/impl/PermissionService_update_2.java,-,-,-,1,-,0,4,200.758,50.189,-,-,3,100,-,-,-,-,-,-,0,0,-,-
/sysadmin/organization/src/main/java/com/springboot/cloud/sysadmin/organization/service/impl/GroupService_get_3.java,-,-,-,1,-,0,5,304.722,60.944,-,-,3,100,-,-,-,-,-,-,0,0,-,-
/sysadmin/organization/src/main/java/com/springboot/cloud/sysadmin/organization/service/impl/GroupService_add_0.java,-,-,-,1,-,0,5.333,295.205,55.351,-,-,3,100,-,-,-,-,-,-,0,0,-,-
/sysadmin/organization/src/main/java/com/springboot/cloud/sysadmin/organization/service/impl/GroupService_queryByUserName_6.java,-,-,-,1,-,0,11.143,7462.305,669.694,-,-,10,100,-,-,-,-,-,-,2,3,-,-
/sysadmin/organization/src/main/java/com/springboot/cloud/sysadmin/organization/service/impl/RoleResourceService_removeByRoleId_1.java,-,-,-,1,-,0,10.111,1938.862,191.756,-,-,5,100,-,-,-,-,-,-,0,0,-,-
/sysadmin/organization/src/main/java/com/springboot/cloud/sysadmin/organization/service/impl/GroupService_queryByParentId_5.java,-,-,-,1,-,0,7.333,1077.601,146.946,-,-,3,100,-,-,-,-,-,-,0,0,-,-
/sysadmin/organization/src/main/java/com/springboot/cloud/sysadmin/organization/service/impl/MenuService_update_2.java,-,-,-,1,-,0,5.333,295.205,55.351,-,-,3,100,-,-,-,-,-,-,0,0,-,-
/sysadmin/organization/src/main/java/com/springboot/cloud/sysadmin/organization/service/impl/RoleService_query_6.java,-,-,-,1,-,0,12.706,5493.519,432.36,-,-,6,100,-,-,-,-,-,-,0,0,-,-
/sysadmin/organization/src/main/java/com/springboot/cloud/sysadmin/organization/service/impl/PositionService_get_3.java,-,-,-,1,-,0,5,304.722,60.944,-,-,3,100,-,-,-,-,-,-,0,0,-,-
/sysadmin/organization/src/main/java/com/springboot/cloud/sysadmin/organization/service/impl/MenuService_delete_1.java,-,-,-,1,-,0,5.333,295.205,55.351,-,-,3,100,-,-,-,-,-,-,0,0,-,-
/sysadmin/organization/src/main/java/com/springboot/cloud/sysadmin/organization/service/impl/RoleService_query_5.java,-,-,-,1,-,0,8.556,1442.083,168.555,-,-,4,100,-,-,-,-,-,-,0,0,-,-
/sysadmin/organization/src/main/java/com/springboot/cloud/sysadmin/organization/service/impl/PermissionService_delete_3.java,-,-,-,1,-,0,14.413,9835.895,682.43,-,-,15,100,-,-,-,-,-,-,2,2,-,-
/sysadmin/organization/src/main/java/com/springboot/cloud/sysadmin/organization/service/impl/RoleService_delete_1.java,-,-,-,1,-,0,5.6,476.617,85.11,-,-,4,100,-,-,-,-,-,-,0,0,-,-
/sysadmin/organization/src/main/java/com/springboot/cloud/sysadmin/organization/service/impl/PositionService_add_0.java,-,-,-,1,-,0,5.333,295.205,55.351,-,-,3,100,-,-,-,-,-,-,0,0,-,-
/sysadmin/organization/src/main/java/com/springboot/cloud/sysadmin/organization/service/impl/PermissionService_queryByConditions_0.java,-,-,-,1,-,0,13,13069.948,1005.381,-,-,14,100,-,-,-,-,-,-,1,2,-,-
/sysadmin/organization/src/main/java/com/springboot/cloud/sysadmin/organization/service/impl/PermissionService_add_1.java,-,-,-,1,-,0,10.4,5621.58,540.537,-,-,9,100,-,-,-,-,-,-,0,1,-,-
/sysadmin/organization/src/main/java/com/springboot/cloud/sysadmin/organization/service/impl/RoleService_get_3.java,-,-,-,2,-,0,8.077,1936.432,239.749,-,-,8,100,-,-,-,-,-,-,0,0,-,-
/sysadmin/organization/src/main/java/com/springboot/cloud/sysadmin/organization/service/impl/RoleResourceService_saveBatch_0.java,-,-,-,2,-,0,10.156,3404.382,335.201,-,-,7,100,-,-,-,-,-,-,0,0,-,-
/sysadmin/organization/src/main/java/com/springboot/cloud/sysadmin/organization/service/impl/RoleService_add_0.java,-,-,-,1,-,0,7.5,1157.154,154.287,-,-,5,100,-,-,-,-,-,-,0,0,-,-
/sysadmin/organization/src/main/java/com/springboot/cloud/sysadmin/organization/service/impl/GroupService_query_4.java,-,-,-,1,-,0,9,1939.439,215.493,-,-,5,100,-,-,-,-,-,-,0,0,-,-
/sysadmin/organization/src/main/java/com/springboot/cloud/sysadmin/organization/service/impl/RoleResourceService_queryByRoleIds_3.java,-,-,-,1,-,0,9.273,1929.505,208.084,-,-,5,100,-,-,-,-,-,-,0,0,-,-
/sysadmin/organization/src/main/java/com/springboot/cloud/sysadmin/organization/service/impl/MenuService_query_4.java,-,-,-,1,-,0,11.227,2831.214,252.173,-,-,5,100,-,-,-,-,-,-,0,0,-,-
/sysadmin/organization/src/main/java/com/springboot/cloud/sysadmin/organization/service/impl/GroupService_update_2.java,-,-,-,1,-,0,5.333,295.205,55.351,-,-,3,100,-,-,-,-,-,-,0,0,-,-
/sysadmin/organization/src/main/java/com/springboot/cloud/sysadmin/organization/service/impl/PositionService_delete_1.java,-,-,-,1,-,0,5.333,295.205,55.351,-,-,3,100,-,-,-,-,-,-,0,0,-,-
/sysadmin/organization/src/main/java/com/springboot/cloud/sysadmin/organization/service/impl/RoleResourceService_queryByRoleId_2.java,-,-,-,1,-,0,9.75,3429.542,351.748,-,-,6,100,-,-,-,-,-,-,0,0,-,-
/sysadmin/organization/src/main/java/com/springboot/cloud/sysadmin/organization/service/impl/MenuService_get_3.java,-,-,-,1,-,0,5,304.722,60.944,-,-,3,100,-,-,-,-,-,-,0,0,-,-
/sysadmin/organization/src/main/java/com/springboot/cloud/sysadmin/organization/service/impl/RoleService_update_2.java,-,-,-,1,-,0,7.5,1157.154,154.287,-,-,5,100,-,-,-,-,-,-,0,0,-,-
/sysadmin/organization/src/main/java/com/springboot/cloud/sysadmin/organization/service/impl/PositionService_query_4.java,-,-,-,1,-,0,9.429,2570.469,272.626,-,-,5,100,-,-,-,-,-,-,0,0,-,-
/sysadmin/organization/src/main/java/com/springboot/cloud/sysadmin/organization/service/impl/MenuService_add_0.java,-,-,-,1,-,0,5.333,295.205,55.351,-,-,3,100,-,-,-,-,-,-,0,0,-,-
/sysadmin/organization/src/main/java/com/springboot/cloud/sysadmin/organization/service/impl/PositionService_update_2.java,-,-,-,1,-,0,5.333,295.205,55.351,-,-,3,100,-,-,-,-,-,-,0,0,-,-
/sysadmin/organization/src/main/java/com/springboot/cloud/sysadmin/organization/rest/ResourceController_queryAll_13.java,-,-,-,1,-,0,5,358.496,71.699,-,-,3,100,-,-,-,-,-,-,0,0,-,-
/sysadmin/organization/src/main/java/com/springboot/cloud/sysadmin/organization/rest/RoleController_get_11.java,-,-,-,1,-,0,5,358.496,71.699,-,-,3,100,-,-,-,-,-,-,0,0,-,-
/sysadmin/organization/src/main/java/com/springboot/cloud/sysadmin/organization/entity/vo/UserVo_UserVo_0.java,-,-,-,1,-,0,5.625,374.67,66.608,-,-,3,100,-,-,-,-,-,-,0,0,-,-
/sysadmin/organization/src/main/java/com/springboot/cloud/sysadmin/organization/exception/UserNotFoundException_UserNotFoundException_1.java,-,-,-,1,-,0,5.625,374.67,66.608,-,-,3,100,-,-,-,-,-,-,0,0,-,-
/sysadmin/organization/src/main/java/com/springboot/cloud/sysadmin/organization/exception/RoleNotFoundException_RoleNotFoundException_0.java,-,-,-,1,-,0,4,186.028,46.507,-,-,3,100,-,-,-,-,-,-,0,0,-,-
/sysadmin/organization/src/main/java/com/springboot/cloud/sysadmin/organization/exception/GlobalExceptionHandlerAdvice_userNotFound_0.java,-,-,-,1,-,0,5.5,726,132,-,-,4,100,-,-,-,-,-,-,0,0,-,-
/sysadmin/organization/src/main/java/com/springboot/cloud/sysadmin/organization/exception/RoleNotFoundException_RoleNotFoundException_1.java,-,-,-,1,-,0,5.625,374.67,66.608,-,-,3,100,-,-,-,-,-,-,0,0,-,-
/sysadmin/organization/src/main/java/com/springboot/cloud/sysadmin/organization/exception/UserNotFoundException_UserNotFoundException_0.java,-,-,-,1,-,0,4,186.028,46.507,-,-,3,100,-,-,-,-,-,-,0,0,-,-
/sysadmin/organization/src/main/java/com/springboot/cloud/sysadmin/organization/events/PermissionBusReceiver_removePermission_2.java,-,-,-,1,-,0,3,90,30,-,-,2,100,-,-,-,-,-,-,0,1,-,-
/sysadmin/organization/src/main/java/com/springboot/cloud/sysadmin/organization/events/EventSender_init_0.java,-,-,-,1,-,0,4,207.566,51.891,-,-,3,100,-,-,-,-,-,-,0,0,-,-
/sysadmin/organization/src/main/java/com/springboot/cloud/sysadmin/organization/events/PermissionBusReceiver_savePermission_1.java,-,-,-,1,-,0,3,90,30,-,-,2,100,-,-,-,-,-,-,0,3,-,-
/sysadmin/organization/src/main/java/com/springboot/cloud/sysadmin/organization/events/PermissionBusReceiver_handleMessage_0.java,-,-,-,3,-,0,9.167,3701.663,403.818,-,-,12,100,-,-,-,-,-,-,0,0,-,-
/sysadmin/organization/src/main/java/com/springboot/cloud/sysadmin/organization/events/EventSender_send_1.java,-,-,-,1,-,0,6.375,1092.04,171.3,-,-,4,100,-,-,-,-,-,-,0,0,-,-
/common/web/src/main/java/com/springboot/cloud/common/web/interceptor/UserInterceptor_checkToken_1.java,-,-,-,1,-,0,6,492.268,82.045,-,-,3,100,-,-,-,-,-,-,0,1,-,-
/common/web/src/main/java/com/springboot/cloud/common/web/interceptor/UserInterceptor_preHandle_0.java,-,-,-,1,-,0,6.087,2087.941,343.019,-,-,6,100,-,-,-,-,-,-,0,1,-,-
/common/web/src/main/java/com/springboot/cloud/common/web/handler/PoMetaObjectHandler_insertFill_1.java,-,-,-,1,-,0,6.923,1698.014,245.269,-,-,5,100,-,-,-,-,-,-,0,0,-,-
/common/web/src/main/java/com/springboot/cloud/common/web/handler/PoMetaObjectHandler_updateFill_2.java,-,-,-,1,-,0,6.75,1452.759,215.224,-,-,4,100,-,-,-,-,-,-,0,0,-,-
/common/web/src/main/java/com/springboot/cloud/common/web/handler/PoMetaObjectHandler_getCurrentUsername_0.java,-,-,-,1,-,0,4.5,515.02,114.449,-,-,3,100,-,-,-,-,-,-,0,0,-,-
/common/web/src/main/java/com/springboot/cloud/common/web/entity/param/BaseParam_build_0.java,-,-,-,1,-,0,14.444,3736.013,258.647,-,-,6,100,-,-,-,-,-,-,0,0,-,-
/common/web/src/main/java/com/springboot/cloud/common/web/redis/RedisConfig_objectMapper_2.java,-,-,-,1,-,0,7.727,1493.388,193.262,-,-,6,100,-,-,-,-,-,-,0,0,-,-
/common/web/src/main/java/com/springboot/cloud/common/web/redis/RedisConfig_cacheManager_0.java,-,-,-,1,-,0,6.579,2013.505,306.053,-,-,8,100,-,-,-,-,-,-,1,3,-,-
/common/web/src/main/java/com/springboot/cloud/common/web/redis/RedisConfig_jackson2JsonRedisSerializer_1.java,-,-,-,1,-,0,11,1708.559,155.324,-,-,5,100,-,-,-,-,-,-,0,0,-,-
/common/test/src/main/java/com/springboot/cloud/common/test/PrivateHelper_PrivateHelper_0.java,-,-,-,1,-,0,3,75.799,25.266,-,-,2,100,-,-,-,-,-,-,0,0,-,-
/common/test/src/main/java/com/springboot/cloud/common/test/PrivateHelper_getInstance_1.java,-,-,-,1,-,0,4,179.89,44.973,-,-,3,100,-,-,-,-,-,-,0,0,-,-
/common/test/src/main/java/com/springboot/cloud/common/test/PrivateHelper_findMethod_3.java,-,-,-,1,-,0,7.8,1321.776,169.458,-,-,3,100,-,-,-,-,-,-,0,0,-,-
/common/test/src/main/java/com/springboot/cloud/common/test/PrivateHelper_findMethod_4.java,-,-,-,1,-,0,5.625,620.783,110.361,-,-,3,100,-,-,-,-,-,-,0,0,-,-
/common/test/src/main/java/com/springboot/cloud/common/test/PrivateHelper_invokePrivateMethod_5.java,-,-,-,1,-,0,8.438,1310.543,155.324,-,-,4,100,-,-,-,-,-,-,0,0,-,-
/common/test/src/main/java/com/springboot/cloud/common/test/PrivateHelper_setPrivateField_2.java,-,-,-,1,-,0,8.75,1951.001,222.972,-,-,5,100,-,-,-,-,-,-,1,0,-,-
/common/core/src/main/java/com/springboot/cloud/common/core/exception/BaseException_BaseException_1.java,-,-,-,1,-,0,9,467.023,51.891,-,-,3,100,-,-,-,-,-,-,0,0,-,-
/common/core/src/main/java/com/springboot/cloud/common/core/exception/BaseException_BaseException_0.java,-,-,-,1,-,0,4.5,241.985,53.774,-,-,3,100,-,-,-,-,-,-,0,0,-,-
/common/core/src/main/java/com/springboot/cloud/common/core/exception/BaseException_BaseException_3.java,-,-,-,1,-,0,8.333,900,108,-,-,4,100,-,-,-,-,-,-,0,0,-,-
/common/core/src/main/java/com/springboot/cloud/common/core/exception/BaseException_BaseException_2.java,-,-,-,1,-,0,8.75,732.916,83.762,-,-,4,100,-,-,-,-,-,-,0,0,-,-
/common/core/src/main/java/com/springboot/cloud/common/core/util/UserContextHolder_clear_5.java,-,-,-,1,-,0,4,186.028,46.507,-,-,3,100,-,-,-,-,-,-,0,0,-,-
/common/core/src/main/java/com/springboot/cloud/common/core/util/UserContextHolder_setContext_2.java,-,-,-,1,-,0,7.7,677.6,88,-,-,3,100,-,-,-,-,-,-,0,0,-,-
/common/core/src/main/java/com/springboot/cloud/common/core/util/UserContextHolder_getUsername_4.java,-,-,-,1,-,0,4.8,720.563,150.117,-,-,3,100,-,-,-,-,-,-,0,0,-,-
/common/core/src/main/java/com/springboot/cloud/common/core/util/UserContextHolder_UserContextHolder_0.java,-,-,-,1,-,0,5.5,345.991,62.907,-,-,3,100,-,-,-,-,-,-,0,0,-,-
/common/core/src/main/java/com/springboot/cloud/common/core/util/UserContextHolder_getContext_3.java,-,-,-,1,-,0,6.875,537.197,78.138,-,-,3,100,-,-,-,-,-,-,0,0,-,-
/common/core/src/main/java/com/springboot/cloud/common/core/util/UserContextHolder_getInstance_1.java,-,-,-,1,-,0,4,179.89,44.973,-,-,3,100,-,-,-,-,-,-,0,0,-,-
/object-storage/file-service/src/main/java/com/springboot/cloud/file/service/MinIoFileServiceImpl_uploadFile_0.java,-,-,-,2,-,0,7,2436.442,348.063,-,-,8,100,-,-,-,-,-,-,0,0,-,-
/object-storage/file-service/src/main/java/com/springboot/cloud/file/service/MinIoFileServiceImpl_getObject_2.java,-,-,-,2,-,0,7.5,2185.704,291.427,-,-,8,100,-,-,-,-,-,-,0,0,-,-
/object-storage/file-service/src/main/java/com/springboot/cloud/file/service/MinIoFileServiceImpl_removeFile_1.java,-,-,-,2,-,0,7.333,2821.106,384.696,-,-,8,100,-,-,-,-,-,-,0,0,-,-
/object-storage/file-service/src/main/java/com/springboot/cloud/file/configure/MinioConfigure_minioClient_2.java,-,-,-,1,-,0,6,1075.841,179.307,-,-,6,100,-,-,-,-,-,-,0,0,-,-
/object-storage/file-service/src/main/java/com/springboot/cloud/file/exception/GlobalExceptionHandlerAdvice_uploadFileFailure_0.java,-,-,-,1,-,0,5.5,726,132,-,-,4,100,-,-,-,-,-,-,0,0,-,-
/object-storage/file-service/src/main/java/com/springboot/cloud/file/exception/MinioFileException_MinioFileException_2.java,-,-,-,1,-,0,6,408.686,68.114,-,-,3,100,-,-,-,-,-,-,0,0,-,-
/object-storage/file-service/src/main/java/com/springboot/cloud/file/exception/MinioFileException_MinioFileException_0.java,-,-,-,1,-,0,4,186.028,46.507,-,-,3,100,-,-,-,-,-,-,0,0,-,-
/object-storage/file-service/src/main/java/com/springboot/cloud/file/exception/MinioFileException_MinioFileException_1.java,-,-,-,1,-,0,5.625,374.67,66.608,-,-,3,100,-,-,-,-,-,-,0,0,-,-
/object-storage/file-service/src/main/java/com/springboot/cloud/file/FileServiceApplication_main_0.java,-,-,-,1,-,0,6.417,603.241,94.012,-,-,3,100,-,-,-,-,-,-,0,0,-,-
/object-storage/file-service/src/main/java/com/springboot/cloud/file/util/MinioFileUtil_createBucket_0.java,-,-,-,2,-,0,9.5,2422.441,254.994,-,-,6,100,-,-,-,-,-,-,0,1,-,-
/object-storage/file-service/src/main/java/com/springboot/cloud/file/util/MinioFileUtil_uploadFile_1.java,-,-,-,3,-,0,13.821,14645.118,1059.665,-,-,19,100,-,-,-,-,-,-,0,5,-,-
/object-storage/file-service/src/main/java/com/springboot/cloud/file/util/MinioFileUtil_removeFile_2.java,-,-,-,1,-,0,5.85,944.314,161.421,-,-,3,100,-,-,-,-,-,-,0,0,-,-
/object-storage/file-service/src/main/java/com/springboot/cloud/file/util/MinioFileUtil_getObject_3.java,-,-,-,1,-,0,5.727,965.362,168.555,-,-,3,100,-,-,-,-,-,-,0,0,-,-
/demos/consumer-feign/src/main/java/com/springboot/cloud/demos/feign/FeignConsumerApplication_main_0.java,-,-,-,1,-,0,6.417,603.241,94.012,-,-,3,100,-,-,-,-,-,-,0,0,-,-
/demos/producer/src/main/java/com/springboot/cloud/demos/producer/interceptor/MyMetaObjectHandler_insertFill_0.java,-,-,-,1,-,0,8.947,3738.089,417.786,-,-,9,100,-,-,-,-,-,-,0,1,-,-
/demos/producer/src/main/java/com/springboot/cloud/demos/producer/interceptor/MyMetaObjectHandler_updateFill_1.java,-,-,-,1,-,0,6.765,1962.09,290.048,-,-,6,100,-,-,-,-,-,-,0,0,-,-
/demos/producer/src/main/java/com/springboot/cloud/demos/producer/interceptor/MyMetaObjectHandler_getUsername_2.java,-,-,-,1,-,0,4.5,515.02,114.449,-,-,3,100,-,-,-,-,-,-,0,0,-,-
/demos/producer/src/main/java/com/springboot/cloud/demos/producer/config/BusConfig_mqContainer_3.java,-,-,-,1,-,0,8.077,1717.214,212.607,-,-,7,100,-,-,-,-,-,-,0,0,-,-
/demos/producer/src/main/java/com/springboot/cloud/demos/producer/config/WebServerMvcConfigurerAdapter_addInterceptors_1.java,-,-,-,1,-,0,5,340.571,68.114,-,-,3,100,-,-,-,-,-,-,0,0,-,-
/demos/producer/src/main/java/com/springboot/cloud/demos/producer/config/WebServerMvcConfigurerAdapter_userInterceptor_0.java,-,-,-,1,-,0,3.5,144.232,41.209,-,-,3,100,-,-,-,-,-,-,0,0,-,-
/demos/producer/src/main/java/com/springboot/cloud/demos/producer/config/BusConfig_binding_2.java,-,-,-,1,-,0,6.429,1337.682,208.084,-,-,4,100,-,-,-,-,-,-,0,0,-,-
/demos/producer/src/main/java/com/springboot/cloud/demos/producer/config/MybatisConfig_sqlInjector_0.java,-,-,-,1,-,0,3.5,144.232,41.209,-,-,3,100,-,-,-,-,-,-,0,0,-,-
/demos/producer/src/main/java/com/springboot/cloud/demos/producer/config/BusConfig_queue_0.java,-,-,-,1,-,0,6.75,685.659,101.579,-,-,4,100,-,-,-,-,-,-,0,0,-,-
/demos/producer/src/main/java/com/springboot/cloud/demos/producer/config/SwaggerConfig_createRestApi_0.java,-,-,-,1,-,0,4.857,1126.325,231.89,-,-,8,100,-,-,-,-,-,-,0,0,-,-
/demos/producer/src/main/java/com/springboot/cloud/demos/producer/config/SwaggerConfig_apiInfo_1.java,-,-,-,1,-,0,6.333,1231.75,194.487,-,-,8,100,-,-,-,-,-,-,0,0,-,-
/demos/producer/src/main/java/com/springboot/cloud/demos/producer/config/BusConfig_exchange_1.java,-,-,-,1,-,0,6.75,659.288,97.672,-,-,4,100,-,-,-,-,-,-,0,0,-,-
/demos/producer/src/main/java/com/springboot/cloud/demos/producer/service/ProductService_update_2.java,-,-,-,1,-,0,5.333,295.205,55.351,-,-,3,100,-,-,-,-,-,-,0,0,-,-
/demos/producer/src/main/java/com/springboot/cloud/demos/producer/service/ProductService_get_3.java,-,-,-,1,-,0,5.5,642.168,116.758,-,-,4,100,-,-,-,-,-,-,0,0,-,-
/demos/producer/src/main/java/com/springboot/cloud/demos/producer/service/ProductService_query_4.java,-,-,-,1,-,0,9,1939.439,215.493,-,-,5,100,-,-,-,-,-,-,0,0,-,-
/demos/producer/src/main/java/com/springboot/cloud/demos/producer/service/ProductService_add_0.java,-,-,-,1,-,0,5.333,295.205,55.351,-,-,3,100,-,-,-,-,-,-,0,0,-,-
/demos/producer/src/main/java/com/springboot/cloud/demos/producer/service/ProductService_delete_1.java,-,-,-,1,-,0,5.333,295.205,55.351,-,-,3,100,-,-,-,-,-,-,0,0,-,-
/demos/producer/src/main/java/com/springboot/cloud/demos/producer/events/BusReceiver_handleMessage_0.java,-,-,-,1,-,0,6,492.268,82.045,-,-,3,100,-,-,-,-,-,-,0,0,-,-
/demos/producer/src/main/java/com/springboot/cloud/demos/producer/events/RedisReceiver_handleMessage_0.java,-,-,-,1,-,0,6,492.268,82.045,-,-,3,100,-,-,-,-,-,-,0,0,-,-
/demos/producer/src/main/java/com/springboot/cloud/demos/producer/events/RabbitReceiver_process_0.java,-,-,-,1,-,0,6,492.268,82.045,-,-,3,100,-,-,-,-,-,-,0,0,-,-
/demos/producer/src/main/java/com/springboot/cloud/demos/producer/events/RedisReceiver_redisListenerAdapter_1.java,-,-,-,1,-,0,5.6,455.894,81.41,-,-,4,100,-,-,-,-,-,-,0,0,-,-
/demos/producer/src/main/java/com/springboot/cloud/demos/producer/events/BusSender_send_0.java,-,-,-,1,-,0,7.5,1094.605,145.947,-,-,4,100,-,-,-,-,-,-,0,0,-,-
/demos/producer/src/main/java/com/springboot/cloud/demos/producer/events/BusReceiver_mqListenerAdapter_1.java,-,-,-,1,-,0,5.6,455.894,81.41,-,-,4,100,-,-,-,-,-,-,0,0,-,-
/demos/producer/src/main/java/com/springboot/cloud/demos/producer/ProducerApplication_main_0.java,-,-,-,1,-,0,6.417,603.241,94.012,-,-,3,100,-,-,-,-,-,-,0,0,-,-
/demos/consumer-ribbon/src/main/java/com/springboot/cloud/demos/ribbon/service/ClassService_usersFallback_2.java,-,-,-,1,-,0,4.667,355.353,76.147,-,-,3,100,-,-,-,-,-,-,0,0,-,-
/demos/consumer-ribbon/src/main/java/com/springboot/cloud/demos/ribbon/service/ClassService_users_1.java,-,-,-,1,-,0,6,750.587,125.098,-,-,3,100,-,-,-,-,-,-,0,0,-,-
/demos/consumer-ribbon/src/main/java/com/springboot/cloud/demos/ribbon/service/ClassService_usersFallback_3.java,-,-,-,1,-,0,4.667,355.353,76.147,-,-,3,100,-,-,-,-,-,-,0,0,-,-
/demos/consumer-ribbon/src/main/java/com/springboot/cloud/demos/ribbon/service/ClassService_users_0.java,-,-,-,1,-,0,6,750.587,125.098,-,-,3,100,-,-,-,-,-,-,0,0,-,-
/demos/consumer-ribbon/src/main/java/com/springboot/cloud/demos/ribbon/RibbonConsumerApplication_restTemplate_0.java,-,-,-,1,-,0,7,273,39,-,-,3,100,-,-,-,-,-,-,0,0,-,-
/demos/consumer-ribbon/src/main/java/com/springboot/cloud/demos/ribbon/RibbonConsumerApplication_main_1.java,-,-,-,1,-,0,6.417,603.241,94.012,-,-,3,100,-,-,-,-,-,-,0,0,-,-
/demos/producer-jpa/src/main/java/com/springboot/cloud/demos/producer/jpa/ProducerApplication_main_0.java,-,-,-,1,-,0,6.417,603.241,94.012,-,-,3,100,-,-,-,-,-,-,0,0,-,-
/monitor/admin/src/main/java/com/springboot/admin/AdminApplication_main_0.java,-,-,-,1,-,0,6.417,603.241,94.012,-,-,3,100,-,-,-,-,-,-,0,0,-,-
/auth/authentication-client/src/main/java/com/springboot/cloud/auth/client/service/impl/AuthService_hasPermission_4.java,-,-,-,4,-,0,9.059,3135.527,346.13,-,-,10,100,-,-,-,-,-,-,0,3,-,-
/auth/authentication-client/src/main/java/com/springboot/cloud/auth/client/service/impl/AuthService_getJwt_5.java,-,-,-,2,-,0,8,2244.307,280.538,-,-,8,100,-,-,-,-,-,-,0,0,-,-
/auth/authentication-client/src/main/java/com/springboot/cloud/auth/client/service/impl/AuthService_hasPermission_3.java,-,-,-,2,-,0,8.125,1355.226,166.797,-,-,4,100,-,-,-,-,-,-,0,0,-,-
/auth/authentication-client/src/main/java/com/springboot/cloud/auth/client/service/impl/AuthService_invalidJwtAccessToken_6.java,-,-,-,2,-,0,7.562,2013.695,266.274,-,-,10,100,-,-,-,-,-,-,0,1,-,-
/auth/authentication-client/src/main/java/com/springboot/cloud/auth/client/service/impl/AuthService_authenticate_1.java,-,-,-,1,-,0,7.714,864,112,-,-,3,100,-,-,-,-,-,-,0,0,-,-
/auth/authentication-client/src/main/java/com/springboot/cloud/auth/client/service/impl/AuthService_dataAuthenticate_0.java,-,-,-,1,-,0,6.188,657.571,106.274,-,-,3,100,-,-,-,-,-,-,0,0,-,-
/auth/authentication-client/src/main/java/com/springboot/cloud/auth/client/service/impl/AuthService_ignoreAuthentication_2.java,-,-,-,1,-,0,6.154,1197.004,194.513,-,-,3,100,-,-,-,-,-,-,0,0,-,-
/auth/authentication-server/src/main/java/com/springboot/cloud/auth/authentication/config/ResourceServerConfig_configure_0.java,-,-,-,1,-,0,6,593.947,98.991,-,-,5,100,-,-,-,-,-,-,0,0,-,-
/auth/authentication-server/src/main/java/com/springboot/cloud/auth/authentication/config/ResourceServerConfig_tokenStore_2.java,-,-,-,1,-,0,3.5,186.028,53.151,-,-,3,100,-,-,-,-,-,-,0,0,-,-
/auth/authentication-server/src/main/java/com/springboot/cloud/auth/authentication/config/ResourceServerConfig_accessTokenConverter_3.java,-,-,-,1,-,0,9,832.599,92.511,-,-,5,100,-,-,-,-,-,-,0,0,-,-
/auth/authentication-server/src/main/java/com/springboot/cloud/auth/authentication/config/BusConfig_resourceQueue_0.java,-,-,-,1,-,0,8.25,1642.053,199.037,-,-,5,100,-,-,-,-,-,-,0,0,-,-
/auth/authentication-server/src/main/java/com/springboot/cloud/auth/authentication/config/BusConfig_exchange_1.java,-,-,-,1,-,0,6.75,659.288,97.672,-,-,4,100,-,-,-,-,-,-,0,0,-,-
/auth/authentication-server/src/main/java/com/springboot/cloud/auth/authentication/config/ResourceServerConfig_configure_1.java,-,-,-,1,-,0,6.4,1881.802,294.032,-,-,8,100,-,-,-,-,-,-,0,0,-,-
/auth/authentication-server/src/main/java/com/springboot/cloud/auth/authentication/config/BusConfig_resourceMessageConverter_9.java,-,-,-,1,-,0,6.364,1090.093,171.3,-,-,5,100,-,-,-,-,-,-,0,0,-,-
/auth/authentication-server/src/main/java/com/springboot/cloud/auth/authentication/config/LoadResourceDefine_resourceConfigAttributes_0.java,-,-,-,1,-,0,4,186.028,46.507,-,-,3,100,-,-,-,-,-,-,0,0,-,-
/auth/authentication-server/src/main/java/com/springboot/cloud/auth/authentication/service/NewMvcRequestMatcher_equals_1.java,-,-,-,5,-,0,15.167,4396.256,289.863,-,-,7,100,-,-,-,-,-,-,0,0,-,-
/auth/authentication-server/src/main/java/com/springboot/cloud/auth/authentication/service/NewMvcRequestMatcher_NewMvcRequestMatcher_0.java,-,-,-,1,-,0,10,1793.068,179.307,-,-,6,100,-,-,-,-,-,-,0,0,-,-
/auth/authentication-server/src/main/java/com/springboot/cloud/auth/authentication/service/impl/ResourceService_loadResource_2.java,-,-,-,2,-,0,9.533,6311.108,662.004,-,-,14,100,-,-,-,-,-,-,0,0,-,-
/auth/authentication-server/src/main/java/com/springboot/cloud/auth/authentication/service/impl/ResourceService_saveResource_0.java,-,-,-,1,-,0,6.107,1519.432,248.796,-,-,7,100,-,-,-,-,-,-,0,0,-,-
/auth/authentication-server/src/main/java/com/springboot/cloud/auth/authentication/service/impl/GroupService_queryGroupsByUsername_0.java,-,-,-,1,-,0,10,2246.632,224.663,-,-,5,100,-,-,-,-,-,-,0,0,-,-
/auth/authentication-server/src/main/java/com/springboot/cloud/auth/authentication/service/impl/ResourceService_findConfigAttributesByUrl_3.java,-,-,-,1,-,0,7.75,3205.712,413.64,-,-,8,100,-,-,-,-,-,-,0,0,-,-
/auth/authentication-server/src/main/java/com/springboot/cloud/auth/authentication/service/impl/ResourceService_removeResource_1.java,-,-,-,1,-,0,6,1212.28,202.047,-,-,4,100,-,-,-,-,-,-,0,0,-,-
/auth/authentication-server/src/main/java/com/springboot/cloud/auth/authentication/service/impl/ResourceService_newMvcRequestMatcher_5.java,-,-,-,1,-,0,6,525.415,87.569,-,-,3,100,-,-,-,-,-,-,0,0,-,-
/auth/authentication-server/src/main/java/com/springboot/cloud/auth/authentication/service/impl/PermissionService_queryPermissionsByGroupCode_0.java,-,-,-,1,-,0,6.667,666.667,100,-,-,3,100,-,-,-,-,-,-,0,0,-,-
/auth/authentication-server/src/main/java/com/springboot/cloud/auth/authentication/service/impl/ResourceService_queryByUsername_4.java,-,-,-,1,-,0,5.714,583.923,102.187,-,-,3,100,-,-,-,-,-,-,0,0,-,-
/auth/authentication-server/src/main/java/com/springboot/cloud/auth/authentication/service/NewMvcRequestMatcher_hashCode_2.java,-,-,-,1,-,0,4.5,283.084,62.907,-,-,3,100,-,-,-,-,-,-,0,0,-,-
/auth/authentication-server/src/main/java/com/springboot/cloud/auth/authentication/rest/HttpServletRequestAuthWrapper_getMethod_1.java,-,-,-,1,-,0,4,159.453,39.863,-,-,3,100,-,-,-,-,-,-,0,0,-,-
/auth/authentication-server/src/main/java/com/springboot/cloud/auth/authentication/rest/HttpServletRequestAuthWrapper_HttpServletRequestAuthWrapper_0.java,-,-,-,1,-,0,11,1289.274,117.207,-,-,5,100,-,-,-,-,-,-,0,0,-,-
/auth/authentication-server/src/main/java/com/springboot/cloud/auth/authentication/rest/HttpServletRequestAuthWrapper_getServletPath_2.java,-,-,-,1,-,0,4,159.453,39.863,-,-,3,100,-,-,-,-,-,-,0,0,-,-
/auth/authentication-server/src/main/java/com/springboot/cloud/auth/authentication/Oauth2AuthenticationApplication_main_0.java,-,-,-,1,-,0,6.417,603.241,94.012,-,-,3,100,-,-,-,-,-,-,0,0,-,-
/auth/authentication-server/src/main/java/com/springboot/cloud/auth/authentication/events/ResourceBusReceiver_handleMessage_0.java,-,-,-,1,-,0,6.188,708.153,114.449,-,-,4,100,-,-,-,-,-,-,0,0,-,-
/auth/authentication-server/src/main/java/com/springboot/cloud/auth/authentication/provider/ResourceProviderFallback_resources_1.java,-,-,-,1,-,0,6.364,1062.142,166.908,-,-,4,100,-,-,-,-,-,-,0,0,-,-
/auth/authentication-server/src/main/java/com/springboot/cloud/auth/authentication/provider/ResourceProviderFallback_groups_3.java,-,-,-,1,-,0,6.364,1062.142,166.908,-,-,4,100,-,-,-,-,-,-,0,0,-,-
/auth/authentication-server/src/main/java/com/springboot/cloud/auth/authentication/provider/ResourceProviderFallback_permissions_2.java,-,-,-,1,-,0,7,1149.633,164.233,-,-,4,100,-,-,-,-,-,-,0,0,-,-
/auth/authentication-server/src/main/java/com/springboot/cloud/auth/authentication/provider/ResourceProviderFallback_resources_0.java,-,-,-,1,-,0,6.25,781.861,125.098,-,-,4,100,-,-,-,-,-,-,0,0,-,-
/auth/authorization-server/src/main/java/com/springboot/auth/authorization/config/AuthorizationServerConfig_configure_1.java,-,-,-,1,-,0,5,304.722,60.944,-,-,3,100,-,-,-,-,-,-,0,1,-,-
/auth/authorization-server/src/main/java/com/springboot/auth/authorization/config/WebServerSecurityConfig_mobileAuthenticationProvider_4.java,-,-,-,1,-,0,8.1,894.348,110.413,-,-,5,100,-,-,-,-,-,-,0,0,-,-
/auth/authorization-server/src/main/java/com/springboot/auth/authorization/config/AuthorizationServerConfig_tokenEnhancerChain_7.java,-,-,-,1,-,0,7.857,1156.168,147.149,-,-,5,100,-,-,-,-,-,-,0,0,-,-
/auth/authorization-server/src/main/java/com/springboot/auth/authorization/config/WebServerSecurityConfig_authenticationManagerBean_2.java,-,-,-,1,-,0,4,186.028,46.507,-,-,3,100,-,-,-,-,-,-,0,0,-,-
/auth/authorization-server/src/main/java/com/springboot/auth/authorization/config/AuthorizationServerConfig_tokenStore_6.java,-,-,-,1,-,0,3.5,186.028,53.151,-,-,3,100,-,-,-,-,-,-,0,0,-,-
/auth/authorization-server/src/main/java/com/springboot/auth/authorization/config/AuthorizationServerConfig_approvalStore_4.java,-,-,-,1,-,0,3.5,162.774,46.507,-,-,3,100,-,-,-,-,-,-,0,0,-,-
/auth/authorization-server/src/main/java/com/springboot/auth/authorization/config/WebServerSecurityConfig_configure_0.java,-,-,-,1,-,0,5.231,1309.586,250.362,-,-,8,100,-,-,-,-,-,-,0,0,-,-
/auth/authorization-server/src/main/java/com/springboot/auth/authorization/config/AuthorizationServerConfig_configure_0.java,-,-,-,1,-,0,6.5,832,128,-,-,5,100,-,-,-,-,-,-,0,1,-,-
/auth/authorization-server/src/main/java/com/springboot/auth/authorization/config/AuthorizationServerConfig_authorizationCodeServices_5.java,-,-,-,1,-,0,3.5,162.774,46.507,-,-,3,100,-,-,-,-,-,-,0,1,-,-
/auth/authorization-server/src/main/java/com/springboot/auth/authorization/config/AuthorizationServerConfig_tokenGranter_9.java,-,-,-,1,-,0,8.8,2552.424,290.048,-,-,9,100,-,-,-,-,-,-,0,0,-,-
/auth/authorization-server/src/main/java/com/springboot/auth/authorization/config/WebServerSecurityConfig_passwordEncoder_3.java,-,-,-,1,-,0,3.5,144.232,41.209,-,-,3,100,-,-,-,-,-,-,0,0,-,-
/auth/authorization-server/src/main/java/com/springboot/auth/authorization/config/AuthorizationServerConfig_configure_2.java,-,-,-,1,-,0,6.667,1872.836,280.925,-,-,10,100,-,-,-,-,-,-,1,2,-,-
/auth/authorization-server/src/main/java/com/springboot/auth/authorization/config/AuthorizationServerConfig_customExceptionTranslator_3.java,-,-,-,1,-,0,4.5,258.117,57.359,-,-,3,100,-,-,-,-,-,-,0,0,-,-
/auth/authorization-server/src/main/java/com/springboot/auth/authorization/config/AuthorizationServerConfig_accessTokenConverter_8.java,-,-,-,1,-,0,9,832.599,92.511,-,-,5,100,-,-,-,-,-,-,0,0,-,-
/auth/authorization-server/src/main/java/com/springboot/auth/authorization/config/WebServerSecurityConfig_configure_1.java,-,-,-,1,-,0,6.667,837.618,125.643,-,-,6,100,-,-,-,-,-,-,0,1,-,-
/auth/authorization-server/src/main/java/com/springboot/auth/authorization/service/impl/RoleService_queryUserRolesByUserId_0.java,-,-,-,1,-,0,5.714,583.923,102.187,-,-,3,100,-,-,-,-,-,-,0,0,-,-
/auth/authorization-server/src/main/java/com/springboot/auth/authorization/service/impl/UserService_getByUniqueId_0.java,-,-,-,1,-,0,4.667,390.888,83.762,-,-,3,100,-,-,-,-,-,-,0,0,-,-
/auth/authorization-server/src/main/java/com/springboot/auth/authorization/Oauth2AuthorizationApplication_main_0.java,-,-,-,1,-,0,6.417,603.241,94.012,-,-,3,100,-,-,-,-,-,-,0,0,-,-
/auth/authorization-server/src/main/java/com/springboot/auth/authorization/oauth2/CustomUserDetailsService_obtainGrantedAuthorities_1.java,-,-,-,1,-,0,8.568,3427.993,400.084,-,-,5,100,-,-,-,-,-,-,0,0,-,-
/auth/authorization-server/src/main/java/com/springboot/auth/authorization/oauth2/enhancer/CustomTokenEnhancer_enhance_0.java,-,-,-,1,-,0,8.625,2363.416,274.019,-,-,6,100,-,-,-,-,-,-,0,1,-,-
/auth/authorization-server/src/main/java/com/springboot/auth/authorization/oauth2/CustomUserDetailsService_loadUserByUsername_0.java,-,-,-,1,-,0,7.292,3375.744,462.959,-,-,12,100,-,-,-,-,-,-,2,0,-,-
/auth/authorization-server/src/main/java/com/springboot/auth/authorization/oauth2/MobileUserDetailsService_loadUserByUsername_0.java,-,-,-,1,-,0,7.778,4092.315,526.155,-,-,13,100,-,-,-,-,-,-,3,1,-,-
/auth/authorization-server/src/main/java/com/springboot/auth/authorization/oauth2/granter/MobileTokenGranter_getOAuth2Authentication_1.java,-,-,-,4,-,0,15.625,16219.591,1038.054,-,-,21,100,-,-,-,-,-,-,2,3,-,-
/auth/authorization-server/src/main/java/com/springboot/auth/authorization/oauth2/granter/MobileAuthenticationToken_MobileAuthenticationToken_0.java,-,-,-,1,-,0,6.75,599.471,88.811,-,-,3,100,-,-,-,-,-,-,0,0,-,-
/auth/authorization-server/src/main/java/com/springboot/auth/authorization/exception/CustomOauthException_CustomOauthException_0.java,-,-,-,1,-,0,7,1361.407,194.487,-,-,4,100,-,-,-,-,-,-,0,0,-,-
/auth/authorization-server/src/main/java/com/springboot/auth/authorization/exception/CustomWebResponseExceptionTranslator_translate_0.java,-,-,-,1,-,0,9.167,1624.325,177.199,-,-,5,100,-,-,-,-,-,-,1,0,-,-
/auth/authorization-server/src/main/java/com/springboot/auth/authorization/exception/CustomOauthExceptionSerializer_CustomOauthExceptionSerializer_0.java,-,-,-,1,-,0,4,186.028,46.507,-,-,3,100,-,-,-,-,-,-,0,0,-,-
/auth/authorization-server/src/main/java/com/springboot/auth/authorization/exception/CustomOauthExceptionSerializer_serialize_1.java,-,-,-,1,-,0,5.625,620.783,110.361,-,-,3,100,-,-,-,-,-,-,0,0,-,-
/auth/authorization-server/src/main/java/com/springboot/auth/authorization/provider/OrganizationProviderFallback_getUserByUniqueId_0.java,-,-,-,1,-,0,7,629.009,89.858,-,-,3,100,-,-,-,-,-,-,0,0,-,-
/auth/authorization-server/src/main/java/com/springboot/auth/authorization/provider/SmsCodeProviderFallback_getSmsCode_0.java,-,-,-,1,-,0,6.429,591.429,92,-,-,3,100,-,-,-,-,-,-,0,1,-,-
/auth/authorization-server/src/main/java/com/springboot/auth/authorization/provider/OrganizationProviderFallback_queryRolesByUserId_1.java,-,-,-,1,-,0,6.429,762.02,118.536,-,-,3,100,-,-,-,-,-,-,0,0,-,-
/center/bus/src/main/java/com/springboot/cloud/center/bus/BusApplication_main_0.java,-,-,-,1,-,0,6.417,603.241,94.012,-,-,3,100,-,-,-,-,-,-,0,0,-,-
